{"cameraMode":{"drawMode":0,"name":"Shaded","section":"Shading Mode"},"sceneLighting":true,"audioPlay":false,"sceneViewState":{"m_AlwaysRefresh":false,"showFog":true,"showSkybox":true,"showFlares":true,"showImageEffects":true,"showParticleSystems":true,"showVisualEffectGraphs":true,"m_FxEnabled":true},"in2DMode":false,"pivot":{"x":13.619999885559082,"y":7.860000133514404,"z":-28.549999237060548},"rotation":{"x":-0.04539100080728531,"y":0.7512614727020264,"z":-0.051901400089263919,"w":-0.6564611196517944},"size":6.243302345275879,"orthographic":false}