{"cameraMode":{"drawMode":0,"name":"Shaded","section":"Shading Mode"},"sceneLighting":true,"audioPlay":false,"sceneViewState":{"m_AlwaysRefresh":false,"showFog":true,"showSkybox":true,"showFlares":true,"showImageEffects":true,"showParticleSystems":true,"showVisualEffectGraphs":true,"m_FxEnabled":true},"in2DMode":false,"pivot":{"x":30.452335357666017,"y":-2.632199287414551,"z":1.6722469329833985},"rotation":{"x":0.10703372955322266,"y":0.887771725654602,"z":-0.2615547478199005,"w":0.36340460181236269},"size":15.321419715881348,"orthographic":false}